Onset,Offset
0.03,2.681904762
5.47,8.248888889
10.925,13.084444444
