Onset,Offset
2.73,4.736870748
5.455,7.407165533
8.185,10.216780045
10.91,12.840634921
