onset dev,offset dev
0.010000000000001563,-0.010000000000001563
-0.010000000000001563,0.05000000000000071
-0.004999999999999005,-0.00999999999999801
-0.00999999999999801,-0.0849999999999973
-0.019999999999999574,-0.014999999999997016
-0.014999999999997016,-0.019999999999999574
-0.019999999999999574,-0.03500000000000014
-0.015000000000000568,-0.259999999999998
0.015000000000000568,-0.11499999999999488
