{
    "4d9ubcb6hg99v8qm7d2qnim243r242gs": 0.075,
    "oc16cdndabgedcltfbczcow4lahd4jm3": 0.124,
    "ywyzv949q96w1pewtbwxe9gmvrjyeebu": 0.062,
    "lef1jw8pcapet97u458i2qqa5y5nnqvw": 0.306,
    "xm604qeaywejnoiof7vuipujj8elyxpu": 0.11499999999999999,
    "i24drlkkqpwclr4uraka4rpktm06fs79": 0.07466666666666667,
    "6u7or8e3dd52ux17nbub7cuubztqai2f": 0.081
}