onset dev,offset dev
0.005000000000002558,-1.8299999999999983
-0.019999999999999574,-0.054999999999999716
0.0049999999999954525,0.0
-0.015000000000000568,0.0
