onset dev,offset dev
-0.01499999999999968,0.1999999999999993
0.0,-0.009999999999999787
-0.009999999999999787,-0.07499999999999929
0.0,-2.2950000000000017
-0.004999999999999005,-2.504999999999999
-0.00999999999999801,-0.07499999999999574
-0.01999999999999602,-0.04999999999999716
-0.01999999999999602,0.0
-0.015000000000000568,0.0
0.015000000000000568,0.0
