onset dev,offset dev
0.015000000000000568,0.3149999999999977
-0.016609977324264946,0.0
-0.013752834467119612,0.0
0.004433106575966406,0.0
0.016972789115648368,0.0
0.011700680272113573,0.0
0.00026077097504639823,0.0
0.0032199546485287556,0.0
0.013571428571424349,0.0
0.018367346938774176,0.0
-0.013265306122448806,0.0
