onset dev,offset dev
0.015000000000000568,0.3149999999999977
-0.01999999999999602,-0.005306120000000192
0.015000000000000568,0.0
0.015000000000000568,0.0
