onset dev,offset dev
-0.010000000000001563,-0.09500000000000242
0.00999999999999801,0.33499999999999375
0.015000000000000568,0.0
0.0,0.0
-0.014999999999993463,0.0
-0.015000000000000568,0.0
-0.005000000000002558,0.0
0.0,0.0
-0.015000000000000568,0.0
-0.005000000000002558,0.0
0.01999999999999602,0.0
0.015000000000000568,0.0
-0.010000000000005116,0.0
