onset dev,offset dev
0.009886621000000151,0.0
0.017687074999999997,0.0
-0.00010204099999988614,0.0
0.002120181000000443,0.0
0.0003628119999996571,0.0
0.005113380000000944,0.0
0.01952380999999903,0.0
0.013707480000000771,0.0
0.005090700000003778,0.0
0.002301590000001852,0.0
0.003333330000003798,0.0
0.005839000000001704,0.0
0.010249429999994675,0.0
