onset dev,offset dev
-0.009036281000000201,-0.0452607709999997
-0.006598639999999989,0.1966893400000025
-0.015464850000000752,-0.08540816000000007
