onset dev,offset dev
0.005963719000000367,-0.025260771000000126
0.007981860000001006,-0.10244897999999836
