onset dev,offset dev
-0.01843537400000006,-0.046916099999998906
0.014829931999999602,-0.0763945580000005
-0.003424040000002293,-0.08159863999999928
