onset dev,offset dev
0.010000000000001563,-0.010000000000001563
-0.010000000000001563,0.05000000000000071
-0.004999999999999005,-0.00999999999999801
-0.00999999999999801,-0.0849999999999973
