onset dev,offset dev
0.009988659999999427,-0.010011340000001923
-0.010011340000001923,-0.020011339999999933
-0.005011339999999365,0.015000000000000568
0.015000000000000568,-1.7599886600000012
0.015000000000000568,-0.054999999999999716
-0.019999999999999574,-0.015011339999997375
-0.015011339999997375,-0.07501133999999965
-0.010011339999991264,-0.01998865999999566
-0.01998865999999566,0.004988659999995093
0.004988659999995093,-0.05501134000000718
