onset dev,offset dev
0.01999999999999602,-0.020000000000010232
