onset dev,offset dev
-0.014988659999993104,-0.7100113400000012
