onset dev,offset dev
-0.004999999999999005,0.2400113399999988
0.010011340000005475,-0.7150113399999967
-1.1339999993253969e-05,-0.10001134000000178
0.005000000000002558,-0.08001134000000576
0.0049999999999954525,-0.7050113399999987
0.0049999999999954525,-0.10001133999999468
