onset dev,offset dev
-0.01001133999999837,-1.8500113399999982
-0.015000000000000568,-2.030000000000001
0.0,-0.045000000000001705
-0.00999999999999801,-0.015011340000000928
-0.015011340000000928,-0.04001133999999951
-0.010011340000005475,-0.03499999999999659
0.010011340000005475,-2.2200113399999992
0.010000000000005116,-0.18000000000000682
-0.015000000000000568,-0.03499999999999659
