onset dev,offset dev
0.019988659999999214,-1.4450113400000006
-0.005011339999999365,0.010000000000001563
0.010000000000001563,-0.034988660000003335
0.0,-1.754999999999999
0.010000000000001563,-1.8450113399999992
-1.1340000000359396e-05,-0.055011340000000075
