onset dev,offset dev
-0.010011340000005475,-0.020011340000003486
